iter	RMSE	RMSE	RMSE	RMSE	RMSE
0	5.223466031	5.222019331	5.224596507	5.224673651	5.223330915
1	4.190875881	4.189713308	4.192319378	4.192206138	4.194031931
2	3.368082349	3.367139254	3.369659492	3.369506565	3.37034666
3	2.713381431	2.712703431	2.715104721	2.715089055	2.714338266
4	2.191982525	2.19165963	2.194157898	2.194039154	2.193753199
5	1.779749743	1.779761939	1.78217393	1.782155917	1.781450442
6	1.452824225	1.453051082	1.455417795	1.455454429	1.456021081
7	1.196898312	1.197598598	1.199745184	1.199721821	1.201358034
