iter	RMSE
0	5.223328375
1	4.19098886922	3.3683823233	2.71387492844	2.19290494355	1.78091109666	1.45411956177	1.198426294
